<?xml version="1.0"?>
<doc>
    <assembly>
        <name>Microsoft.SqlTools.ResourceProvider.DefaultImpl</name>
    </assembly>
    <members>
        <member name="T:Microsoft.SqlTools.ResourceProvider.DefaultImpl.AzureAuthenticationManager">
            <summary>
            Implementation for <see cref="T:Microsoft.SqlTools.ResourceProvider.Core.Authentication.IAzureAuthenticationManager" />.
            Provides functionality to authenticate to Azure and discover associated accounts and subscriptions
            </summary>
        </member>
        <member name="M:Microsoft.SqlTools.ResourceProvider.DefaultImpl.AzureAuthenticationManager.SetCurrentAccountAsync(System.Object)">
            <summary>
            Set current logged in user
            </summary>
        </member>
        <member name="M:Microsoft.SqlTools.ResourceProvider.DefaultImpl.AzureAuthenticationManager.CreateUserAccount(Microsoft.SqlTools.ResourceProvider.Core.Authentication.AccountTokenWrapper)">
            <summary>
            Public for testing purposes. Creates an Azure account with the correct set of mappings for tenants etc.
            </summary>
            <param name="accountTokenWrapper"></param>
            <returns></returns>
        </member>
        <member name="E:Microsoft.SqlTools.ResourceProvider.DefaultImpl.AzureAuthenticationManager.CurrentAccountChanged">
            <summary>
            The event to be raised when the current account is changed
            </summary>
        </member>
        <member name="M:Microsoft.SqlTools.ResourceProvider.DefaultImpl.AzureAuthenticationManager.GetSubscriptionsAsync">
            <summary>
            Returns user's subscriptions
            </summary>
        </member>
        <member name="M:Microsoft.SqlTools.ResourceProvider.DefaultImpl.AzureAuthenticationManager.SetSelectedSubscriptionsAsync(System.Collections.Generic.IEnumerable{System.String})">
            <summary>
            Stores the selected subscriptions given the ids
            </summary>
        </member>
        <member name="M:Microsoft.SqlTools.ResourceProvider.DefaultImpl.AzureAuthenticationManager.TryParseSubscriptionIdentifier(System.String,Microsoft.SqlTools.ResourceProvider.Core.Authentication.IAzureSubscriptionIdentifier@)">
            <summary>
            Tries to find a subscription given subscription id
            </summary>
        </member>
        <member name="T:Microsoft.SqlTools.ResourceProvider.DefaultImpl.AzureResourceFailedException">
            <summary>
            Exception to be raised if azure resource manager operation fails
            </summary>
        </member>
        <member name="M:Microsoft.SqlTools.ResourceProvider.DefaultImpl.AzureResourceFailedException.#ctor">
            <summary>
            Initializes a new instance of the AuthenticationFailedException class.
            </summary>
        </member>
        <member name="M:Microsoft.SqlTools.ResourceProvider.DefaultImpl.AzureResourceFailedException.#ctor(System.String)">
            <summary>
            Initializes a new instance of the AuthenticationFailedException class with a specified error message.
            </summary>
            <param name="message">The error message that explains the reason for the exception. </param>
        </member>
        <member name="M:Microsoft.SqlTools.ResourceProvider.DefaultImpl.AzureResourceFailedException.#ctor(System.String,System.Net.HttpStatusCode,System.Exception)">
            <summary>
            Initializes a new instance of the AuthenticationFailedException class with a specified error message.
            </summary>
            <param name="message">The error message that explains the reason for the exception. </param>
            <param name="httpStatusCode">The Http error code. </param>
            <param name="innerException">The exception that is the cause of the current exception, or a null reference
            (Nothing in Visual Basic) if no inner exception is specified</param>
        </member>
        <member name="M:Microsoft.SqlTools.ResourceProvider.DefaultImpl.AzureResourceFailedException.#ctor(System.String,System.Int32,System.Exception)">
            <summary>
            Initializes a new instance of the AuthenticationFailedException class with a specified error message.
            </summary>
            <param name="message">The error message that explains the reason for the exception. </param>
            <param name="httpStatusCode">The Http error code. </param>
            <param name="innerException">The exception that is the cause of the current exception, or a null reference
            (Nothing in Visual Basic) if no inner exception is specified</param>
        </member>
        <member name="M:Microsoft.SqlTools.ResourceProvider.DefaultImpl.AzureResourceFailedException.#ctor(System.String,System.Exception)">
            <summary>
            Initializes a new instance of the AuthenticationFailedException class with a specified error message
            and a reference to the inner exception that is the cause of this exception.
            </summary>
            <param name="message">The error message that explains the reason for the exception. </param>
            <param name="innerException">The exception that is the cause of the current exception, or a null reference
            (Nothing in Visual Basic) if no inner exception is specified</param>
        </member>
        <member name="M:Microsoft.SqlTools.ResourceProvider.DefaultImpl.AzureResourceFailedException.#ctor(System.Runtime.Serialization.SerializationInfo,System.Runtime.Serialization.StreamingContext)">
            <summary>
            Initializes a new instance of the AuthenticationFailedException class with serialized data.
            </summary>
            <param name="info">The SerializationInfo that holds the serialized object data about the exception being thrown.</param>
            <param name="context">The StreamingContext that contains contextual information about the source or destination.</param>
        </member>
        <member name="T:Microsoft.SqlTools.ResourceProvider.DefaultImpl.AzureResourceManagementSession">
            <summary>
            VS session used by <see cref="T:Microsoft.SqlTools.ResourceProvider.DefaultImpl.AzureResourceManager" />.
            Includes all the clients that the resource management needs to get ther resources
            </summary>
        </member>
        <member name="M:Microsoft.SqlTools.ResourceProvider.DefaultImpl.AzureResourceManagementSession.#ctor(Microsoft.Azure.Management.Sql.SqlManagementClient,Microsoft.Azure.Management.ResourceManager.ResourceManagementClient,Microsoft.SqlTools.ResourceProvider.Core.Authentication.IAzureUserAccountSubscriptionContext)">
            <summary>
            Creates the new session for given clients
            </summary>
            <param name="sqlManagementClient">Sql Management Client</param>
            <param name="resourceManagementClient">Resource Management Client</param>
            <param name="subscriptionContext">Subscription Context</param>
        </member>
        <member name="M:Microsoft.SqlTools.ResourceProvider.DefaultImpl.AzureResourceManagementSession.Dispose">
            <summary>
            Disposes the session
            </summary>
        </member>
        <member name="M:Microsoft.SqlTools.ResourceProvider.DefaultImpl.AzureResourceManagementSession.CloseSession">
            <summary>
            Closes the session by disposing the clients
            </summary>
            <returns></returns>
        </member>
        <member name="P:Microsoft.SqlTools.ResourceProvider.DefaultImpl.AzureResourceManagementSession.SubscriptionContext">
            <summary>
            Subscription Context
            </summary>
        </member>
        <member name="P:Microsoft.SqlTools.ResourceProvider.DefaultImpl.AzureResourceManagementSession.ResourceManagementClient">
            <summary>
            Resource Management Client
            </summary>
        </member>
        <member name="P:Microsoft.SqlTools.ResourceProvider.DefaultImpl.AzureResourceManagementSession.SqlManagementClient">
            <summary>
            Sql Management Client
            </summary>
        </member>
        <member name="T:Microsoft.SqlTools.ResourceProvider.DefaultImpl.AzureResourceManager">
            <summary>
            Default implementation for <see cref="T:Microsoft.SqlTools.ResourceProvider.Core.IAzureResourceManager" />
            Provides functionality to get azure resources by making Http request to the Azure REST API
            </summary>
        </member>
        <member name="M:Microsoft.SqlTools.ResourceProvider.DefaultImpl.AzureResourceManager.GetAzureDatabasesAsync(Microsoft.SqlTools.ResourceProvider.Core.IAzureResourceManagementSession,System.String,System.String)">
            <summary>
            Returns a list of azure databases given subscription resource group name and server name
            </summary>
            <param name="azureResourceManagementSession">Subscription Context which includes credentials to use in the resource manager</param>
            <param name="resourceGroupName">Resource Group Name</param>
            <param name="serverName">Server name</param>
            <returns>The list of databases</returns>
        </member>
        <member name="M:Microsoft.SqlTools.ResourceProvider.DefaultImpl.AzureResourceManager.GetSqlServerAzureResourcesAsync(Microsoft.SqlTools.ResourceProvider.Core.IAzureResourceManagementSession)">
            <summary>
            Returns a list of azure servers given subscription
            </summary>
            <param name="azureResourceManagementSession">Subscription Context which includes credentials to use in the resource manager</param>
            <returns>The list of Sql server resources</returns>
        </member>
        <member name="M:Microsoft.SqlTools.ResourceProvider.DefaultImpl.AzureResourceManager.GetSubscriptionContextsAsync(Microsoft.SqlTools.ResourceProvider.Core.Authentication.IAzureUserAccount)">
            <summary>
            Gets all subscription contexts under a specific user account. Queries all tenants for the account and uses these to log in
            and retrieve subscription information as needed
            </summary>
        </member>
        <member name="M:Microsoft.SqlTools.ResourceProvider.DefaultImpl.AzureResourceManager.GetSubscriptionsAsync(Microsoft.Azure.Management.ResourceManager.SubscriptionClient)">
            <summary>
            Returns the azure resource groups for given subscription
            </summary>
        </member>
        <member name="M:Microsoft.SqlTools.ResourceProvider.DefaultImpl.AzureResourceManager.CreateCredentials(Microsoft.SqlTools.ResourceProvider.Core.Authentication.IAzureTenant)">
            <summary>
            Creates credential instance for given subscription
            </summary>
        </member>
        <member name="M:Microsoft.SqlTools.ResourceProvider.DefaultImpl.AzureResourceManager.CreateCredentials(Microsoft.SqlTools.ResourceProvider.Core.Authentication.IAzureUserAccountSubscriptionContext)">
            <summary>
            Creates credential instance for given subscription
            </summary>
        </member>
        <member name="T:Microsoft.SqlTools.ResourceProvider.DefaultImpl.AzureResourceWrapper">
            <summary>
            Implementation for <see cref="T:Microsoft.SqlTools.ResourceProvider.Core.IAzureResource" /> using VS services.
            Provides information about an Azure resource
            </summary>
        </member>
        <member name="M:Microsoft.SqlTools.ResourceProvider.DefaultImpl.AzureResourceWrapper.#ctor(Microsoft.Azure.Management.Sql.Models.TrackedResource)">
            <summary>
            Initializes the resource
            </summary>
        </member>
        <member name="P:Microsoft.SqlTools.ResourceProvider.DefaultImpl.AzureResourceWrapper.Name">
            <summary>
            Resource name
            </summary>
        </member>
        <member name="P:Microsoft.SqlTools.ResourceProvider.DefaultImpl.AzureResourceWrapper.Type">
            <summary>
            Resource type
            </summary>
        </member>
        <member name="P:Microsoft.SqlTools.ResourceProvider.DefaultImpl.AzureResourceWrapper.Id">
            <summary>
            Resource id
            </summary>
        </member>
        <member name="P:Microsoft.SqlTools.ResourceProvider.DefaultImpl.AzureResourceWrapper.ResourceGroupName">
            <summary>
            Resource Group Name
            </summary>
        </member>
        <member name="P:Microsoft.SqlTools.ResourceProvider.DefaultImpl.AzureResourceWrapper.Location">
            <summary>
            Resource Location
            </summary>
        </member>
        <member name="P:Microsoft.SqlTools.ResourceProvider.DefaultImpl.AzureResourceWrapper.AzureResource">
            <summary>
            The resource wrapped by this class
            </summary>
        </member>
        <member name="T:Microsoft.SqlTools.ResourceProvider.DefaultImpl.AzureSubscriptionContext">
            <summary>
            Implementation for <see cref="T:Microsoft.SqlTools.ResourceProvider.Core.Authentication.IAzureSubscriptionContext" /> using VS services
            Contains information about an Azure subscription
            </summary>
        </member>
        <member name="M:Microsoft.SqlTools.ResourceProvider.DefaultImpl.AzureSubscriptionContext.#ctor(Microsoft.SqlTools.ResourceProvider.Core.Authentication.IAzureSubscriptionIdentifier)">
            <summary>
            Default constructor to initialize the subscription
            </summary>
        </member>
        <member name="M:Microsoft.SqlTools.ResourceProvider.DefaultImpl.AzureSubscriptionContext.Equals(Microsoft.SqlTools.ResourceProvider.Core.Authentication.IAzureSubscriptionContext)">
            <summary>
            Returns true if given subscription equals this class
            </summary>
        </member>
        <member name="P:Microsoft.SqlTools.ResourceProvider.DefaultImpl.AzureSubscriptionContext.Subscription">
            <summary>
            Returns the wraper for the subscription identifier
            </summary>
        </member>
        <member name="P:Microsoft.SqlTools.ResourceProvider.DefaultImpl.AzureSubscriptionContext.SubscriptionName">
            <summary>
            Returns subscription name
            </summary>
        </member>
        <member name="T:Microsoft.SqlTools.ResourceProvider.DefaultImpl.AzureSubscriptionIdentifier">
            <summary>
            Implementation for <see cref="T:Microsoft.SqlTools.ResourceProvider.Core.Authentication.IAzureSubscriptionIdentifier" />
            Contains information about an Azure subscription identifier
            </summary>
        </member>
        <member name="M:Microsoft.SqlTools.ResourceProvider.DefaultImpl.AzureSubscriptionIdentifier.#ctor(Microsoft.SqlTools.ResourceProvider.Core.Authentication.IAzureUserAccount,System.String,System.String,System.Uri)">
            <summary>
            Default constructor to initialize the subscription identifier
            </summary>
        </member>
        <member name="M:Microsoft.SqlTools.ResourceProvider.DefaultImpl.AzureSubscriptionIdentifier.Equals(Microsoft.SqlTools.ResourceProvider.Core.Authentication.IAzureSubscriptionIdentifier)">
            <summary>
            Returns true if given subscription identifier equals this class
            </summary>
        </member>
        <member name="P:Microsoft.SqlTools.ResourceProvider.DefaultImpl.AzureSubscriptionIdentifier.ServiceManagementEndpoint">
            <summary>
            Returns the endpoint url used by the identifier
            </summary>
        </member>
        <member name="P:Microsoft.SqlTools.ResourceProvider.DefaultImpl.AzureSubscriptionIdentifier.SubscriptionId">
            <summary>
            Subscription id
            </summary>
        </member>
        <member name="P:Microsoft.SqlTools.ResourceProvider.DefaultImpl.AzureSubscriptionIdentifier.TenantId">
            <summary>
            The ID of the tenant this subscription comes from
            </summary>
        </member>
        <member name="T:Microsoft.SqlTools.ResourceProvider.DefaultImpl.AzureTenant">
            <summary>
            Implementation for <see cref="T:Microsoft.SqlTools.ResourceProvider.Core.Authentication.IAzureTenant" /> using VS services
            Contains information about an Azure account
            </summary>
        </member>
        <member name="P:Microsoft.SqlTools.ResourceProvider.DefaultImpl.AzureTenant.Resource">
            <summary>
            URI defining the root for resource lookup
            </summary>
        </member>
        <member name="P:Microsoft.SqlTools.ResourceProvider.DefaultImpl.AzureTenant.AccessToken">
            <summary>
            Access token for use in login scenarios. Note that we could consider implementing this better in the
            </summary>
        </member>
        <member name="P:Microsoft.SqlTools.ResourceProvider.DefaultImpl.AzureTenant.TokenType">
            <summary>
            Optional token type defining whether this is a Bearer token or other type of token
            </summary>
        </member>
        <member name="T:Microsoft.SqlTools.ResourceProvider.DefaultImpl.AzureUserAccount">
            <summary>
            Implementation for <see cref="T:Microsoft.SqlTools.ResourceProvider.Core.Authentication.IAzureUserAccount" /> using VS services
            Contains information about an Azure account
            </summary>
        </member>
        <member name="M:Microsoft.SqlTools.ResourceProvider.DefaultImpl.AzureUserAccount.#ctor">
            <summary>
            Default constructor to initializes user session
            </summary>
        </member>
        <member name="M:Microsoft.SqlTools.ResourceProvider.DefaultImpl.AzureUserAccount.#ctor(Microsoft.SqlTools.ResourceProvider.Core.Authentication.IAzureUserAccount)">
            <summary>
            Default constructor to initializes user session
            </summary>
        </member>
        <member name="M:Microsoft.SqlTools.ResourceProvider.DefaultImpl.AzureUserAccount.Equals(Microsoft.SqlTools.ResourceProvider.Core.Authentication.IAzureUserAccount)">
            <summary>
            Returns true if given user account equals this class
            </summary>
        </member>
        <member name="P:Microsoft.SqlTools.ResourceProvider.DefaultImpl.AzureUserAccount.UniqueId">
            <summary>
            Unique Id
            </summary>
        </member>
        <member name="P:Microsoft.SqlTools.ResourceProvider.DefaultImpl.AzureUserAccount.NeedsReauthentication">
            <summary>
            Returns true if user needs reauthentication
            </summary>
        </member>
        <member name="P:Microsoft.SqlTools.ResourceProvider.DefaultImpl.AzureUserAccount.DisplayInfo">
            <summary>
            User display info
            </summary>
        </member>
        <member name="P:Microsoft.SqlTools.ResourceProvider.DefaultImpl.AzureUserAccount.TenantId">
            <summary>
            Tenant Id
            </summary>
        </member>
        <member name="T:Microsoft.SqlTools.ResourceProvider.DefaultImpl.AzureUserAccountDisplayInfo">
            <summary>
            Implementation for <see cref="T:Microsoft.SqlTools.ResourceProvider.Core.Authentication.IAzureUserAccountDisplayInfo" /> using VS services
            Contains information about an Azure account display info
            </summary>
        </member>
        <member name="M:Microsoft.SqlTools.ResourceProvider.DefaultImpl.AzureUserAccountDisplayInfo.#ctor(Microsoft.SqlTools.ResourceProvider.Core.Authentication.IAzureUserAccountDisplayInfo)">
            <summary>
            Creating the instance using <see cref="T:Microsoft.SqlTools.ResourceProvider.Core.Authentication.IAzureUserAccountDisplayInfo" />
            </summary>
        </member>
        <member name="M:Microsoft.SqlTools.ResourceProvider.DefaultImpl.AzureUserAccountDisplayInfo.#ctor">
            <summary>
            Creating empty instance
            </summary>
        </member>
        <member name="M:Microsoft.SqlTools.ResourceProvider.DefaultImpl.AzureUserAccountDisplayInfo.Equals(Microsoft.SqlTools.ResourceProvider.Core.Authentication.IAzureUserAccountDisplayInfo)">
            <summary>
            Returns true if given user account equals this class
            </summary>
        </member>
        <member name="P:Microsoft.SqlTools.ResourceProvider.DefaultImpl.AzureUserAccountDisplayInfo.AccountDisplayName">
            <summary>
            Account display name
            </summary>
        </member>
        <member name="P:Microsoft.SqlTools.ResourceProvider.DefaultImpl.AzureUserAccountDisplayInfo.AccountLogo">
            <summary>
            Account lego
            </summary>
        </member>
        <member name="P:Microsoft.SqlTools.ResourceProvider.DefaultImpl.AzureUserAccountDisplayInfo.ProviderDisplayName">
            <summary>
            Provider display name
            </summary>
        </member>
        <member name="P:Microsoft.SqlTools.ResourceProvider.DefaultImpl.AzureUserAccountDisplayInfo.ProviderLogo">
            <summary>
            Provider lego
            </summary>
        </member>
        <member name="P:Microsoft.SqlTools.ResourceProvider.DefaultImpl.AzureUserAccountDisplayInfo.UserName">
            <summary>
            User name
            </summary>
        </member>
        <member name="T:Microsoft.SqlTools.ResourceProvider.DefaultImpl.AzureUserAccountSubscriptionContext">
            <summary>
            Implementation for <see cref="T:Microsoft.SqlTools.ResourceProvider.Core.Authentication.IAzureUserAccountSubscriptionContext" /> using built-in services
            Contains information about an Azure account subscription
            </summary>
        </member>
        <member name="M:Microsoft.SqlTools.ResourceProvider.DefaultImpl.AzureUserAccountSubscriptionContext.#ctor(Microsoft.SqlTools.ResourceProvider.DefaultImpl.AzureSubscriptionIdentifier,Microsoft.Rest.ServiceClientCredentials)">
            <summary>
            Default constructor to initializes user account and subscription
            </summary>
        </member>
        <member name="M:Microsoft.SqlTools.ResourceProvider.DefaultImpl.AzureUserAccountSubscriptionContext.CreateStringTokenContext(Microsoft.SqlTools.ResourceProvider.DefaultImpl.AzureSubscriptionIdentifier,System.String)">
            <summary>
            Creates a subscription context for connecting with a known access token. This creates a <see cref="T:Microsoft.Rest.TokenCredentials"/> object for use
            in a request
            </summary>
        </member>
        <member name="P:Microsoft.SqlTools.ResourceProvider.DefaultImpl.AzureUserAccountSubscriptionContext.Subscription">
            <summary>
            Returns the wraper for the subscription identifier
            </summary>
        </member>
        <member name="P:Microsoft.SqlTools.ResourceProvider.DefaultImpl.AzureUserAccountSubscriptionContext.SubscriptionName">
            <summary>
            Subscription name
            </summary>
        </member>
        <member name="M:Microsoft.SqlTools.ResourceProvider.DefaultImpl.AzureUserAccountSubscriptionContext.Equals(Microsoft.SqlTools.ResourceProvider.Core.Authentication.IAzureUserAccountSubscriptionContext)">
             <summary>
            
             </summary>
        </member>
        <member name="P:Microsoft.SqlTools.ResourceProvider.DefaultImpl.AzureUserAccountSubscriptionContext.UserAccount">
            <summary>
            User Account
            </summary>
        </member>
        <member name="T:Microsoft.SqlTools.ResourceProvider.DefaultImpl.SqlAzureResource">
            <summary>
            Implementation for <see cref="T:Microsoft.SqlTools.ResourceProvider.Core.IAzureSqlServerResource" /> using VS services
            Provides information about an Azure Sql Server resource
            </summary>
        </member>
        <member name="M:Microsoft.SqlTools.ResourceProvider.DefaultImpl.SqlAzureResource.#ctor(Microsoft.Azure.Management.Sql.Models.Server)">
            <summary>
            Initializes the resource
            </summary>
        </member>
        <member name="P:Microsoft.SqlTools.ResourceProvider.DefaultImpl.SqlAzureResource.FullyQualifiedDomainName">
            <summary>
            Fully qualified domain name
            </summary>
        </member>
        <member name="P:Microsoft.SqlTools.ResourceProvider.DefaultImpl.SqlAzureResource.AdministratorLogin">
            <summary>
            Administrator User
            </summary>
        </member>
    </members>
</doc>
