﻿<?xml version="1.0" encoding="utf-8"?>
<RuleMetadataStore>
  <RuleMetadataCollection targetType="AzureSqlManagedInstance" resourceBase="Microsoft.SqlServer.Migration.Assessment.MIRuleResources" resourceAssembly="Microsoft.SqlServer.Migration.Assessment">
    <RuleMapping>
      <FeatureId>LinkedServerWithNonSQLProvider</FeatureId>
      <RuleMetadata>
        <RuleId>LinkedServerWithNonSQLProvider</RuleId>
        <Title>LinkedServerWithNonSQLProviderTitle</Title>
        <IssueCategory>LinkedServerWithNonSQLProviderIssueCategory</IssueCategory>
        <Description>LinkedServerWithNonSQLProviderDescription</Description>
        <Recommendation>LinkedServerWithNonSQLProviderRecommendation</Recommendation>
        <MoreInformation>LinkedServerWithNonSQLProviderMoreInformation</MoreInformation>
        <MoreInformationlink>LinkedServerWithNonSQLProviderMoreInformationlink</MoreInformationlink>
        <DatabaseRestoreFails>false</DatabaseRestoreFails>
      </RuleMetadata>
    </RuleMapping>
    <RuleMapping>
      <FeatureId>NonANSIRightOuterJoinSyntax</FeatureId>
      <RuleMetadata>
        <RuleId>NonANSIRightOuterJoinSyntax</RuleId>
        <Title>NonANSIRightOuterJoinSyntaxTitle</Title>
        <IssueCategory>NonANSIRightOuterJoinSyntaxIssueCategory</IssueCategory>
        <Description>NonANSIRightOuterJoinSyntaxDescription</Description>
        <Recommendation>NonANSIRightOuterJoinSyntaxRecommendation</Recommendation>
        <MoreInformation>NonANSIRightOuterJoinSyntaxMoreInformation</MoreInformation>
        <MoreInformationlink>NonANSIRightOuterJoinSyntaxMoreInformationlink</MoreInformationlink>
        <DatabaseRestoreFails>false</DatabaseRestoreFails>
      </RuleMetadata>
    </RuleMapping>
    <RuleMapping>
      <FeatureId>AnalysisCommandJob</FeatureId>
      <RuleMetadata>
        <RuleId>AnalysisCommandJob</RuleId>
        <Title>AnalysisCommandJobTitle</Title>
        <IssueCategory>AnalysisCommandJobIssueCategory</IssueCategory>
        <Description>AnalysisCommandJobDescription</Description>
        <Recommendation>AnalysisCommandJobRecommendation</Recommendation>
        <MoreInformation>AnalysisCommandJobMoreInformation</MoreInformation>
        <MoreInformationlink>AnalysisCommandJobMoreInformationlink</MoreInformationlink>
        <DatabaseRestoreFails>false</DatabaseRestoreFails>
      </RuleMetadata>
    </RuleMapping>
    <RuleMapping>
      <FeatureId>FileStream</FeatureId>
      <RuleMetadata>
        <RuleId>FileStream</RuleId>
        <Title>FileStreamTitle</Title>
        <IssueCategory>FileStreamIssueCategory</IssueCategory>
        <Description>FileStreamDescription</Description>
        <Recommendation>FileStreamRecommendation</Recommendation>
        <MoreInformation>FileStreamMoreInformation</MoreInformation>
        <MoreInformationlink>FileStreamMoreInformationlink</MoreInformationlink>
        <DatabaseRestoreFails>true</DatabaseRestoreFails>
      </RuleMetadata>
    </RuleMapping>
    <RuleMapping>
      <FeatureId>AnalysisQueryJob</FeatureId>
      <RuleMetadata>
        <RuleId>AnalysisQueryJob</RuleId>
        <Title>AnalysisQueryJobTitle</Title>
        <IssueCategory>AnalysisQueryJobIssueCategory</IssueCategory>
        <Description>AnalysisQueryJobDescription</Description>
        <Recommendation>AnalysisQueryJobRecommendation</Recommendation>
        <MoreInformation>AnalysisQueryJobMoreInformation</MoreInformation>
        <MoreInformationlink>AnalysisQueryJobMoreInformationlink</MoreInformationlink>
        <DatabaseRestoreFails>false</DatabaseRestoreFails>
      </RuleMetadata>
    </RuleMapping>
    <RuleMapping>
      <FeatureId>QueueReaderJob</FeatureId>
      <RuleMetadata>
        <RuleId>QueueReaderJob</RuleId>
        <Title>QueueReaderJobTitle</Title>
        <IssueCategory>QueueReaderJobIssueCategory</IssueCategory>
        <Description>QueueReaderJobDescription</Description>
        <Recommendation>QueueReaderJobRecommendation</Recommendation>
        <MoreInformation>QueueReaderJobMoreInformation</MoreInformation>
        <MoreInformationlink>QueueReaderJobMoreInformationlink</MoreInformationlink>
        <DatabaseRestoreFails>false</DatabaseRestoreFails>
      </RuleMetadata>
    </RuleMapping>
    <RuleMapping>
      <FeatureId>TraceFlags</FeatureId>
      <RuleMetadata>
        <RuleId>TraceFlags</RuleId>
        <Title>TraceFlagsTitle</Title>
        <IssueCategory>TraceFlagsIssueCategory</IssueCategory>
        <Description>TraceFlagsDescription</Description>
        <Recommendation>TraceFlagsRecommendation</Recommendation>
        <MoreInformation>TraceFlagsMoreInformation</MoreInformation>
        <MoreInformationlink>TraceFlagsMoreInformationlink</MoreInformationlink>
        <DatabaseRestoreFails>false</DatabaseRestoreFails>
      </RuleMetadata>
    </RuleMapping>
    <RuleMapping>
      <FeatureId>BulkInsert</FeatureId>
      <RuleMetadata>
        <RuleId>BulkInsert</RuleId>
        <Title>BulkInsertTitle</Title>
        <IssueCategory>BulkInsertIssueCategory</IssueCategory>
        <Description>BulkInsertDescription</Description>
        <Recommendation>BulkInsertRecommendation</Recommendation>
        <MoreInformation>BulkInsertMoreInformation</MoreInformation>
        <MoreInformationlink>BulkInsertMoreInformationlink</MoreInformationlink>
        <DatabaseRestoreFails>false</DatabaseRestoreFails>
      </RuleMetadata>
    </RuleMapping>
    <RuleMapping>
      <FeatureId>PowerShellJob</FeatureId>
      <RuleMetadata>
        <RuleId>PowerShellJob</RuleId>
        <Title>PowerShellJobTitle</Title>
        <IssueCategory>PowerShellJobIssueCategory</IssueCategory>
        <Description>PowerShellJobDescription</Description>
        <Recommendation>PowerShellJobRecommendation</Recommendation>
        <MoreInformation>PowerShellJobMoreInformation</MoreInformation>
        <MoreInformationlink>PowerShellJobMoreInformationlink</MoreInformationlink>
        <DatabaseRestoreFails>false</DatabaseRestoreFails>
      </RuleMetadata>
    </RuleMapping>
    <RuleMapping>
      <FeatureId>MultipleLogFiles</FeatureId>
      <RuleMetadata>
        <RuleId>MultipleLogFiles</RuleId>
        <Title>MultipleLogFilesTitle</Title>
        <IssueCategory>MultipleLogFilesIssueCategory</IssueCategory>
        <Description>MultipleLogFilesDescription</Description>
        <Recommendation>MultipleLogFilesRecommendation</Recommendation>
        <MoreInformation>MultipleLogFilesMoreInformation</MoreInformation>
        <MoreInformationlink>MultipleLogFilesMoreInformationlink</MoreInformationlink>
        <DatabaseRestoreFails>true</DatabaseRestoreFails>
      </RuleMetadata>
    </RuleMapping>
    <RuleMapping>
      <FeatureId>SystemProcedures110</FeatureId>
      <RuleMetadata>
        <RuleId>SystemProcedures110</RuleId>
        <Title>SystemProcedures110Title</Title>
        <IssueCategory>SystemProcedures110IssueCategory</IssueCategory>
        <Description>SystemProcedures110Description</Description>
        <Recommendation>SystemProcedures110Recommendation</Recommendation>
        <MoreInformation>SystemProcedures110MoreInformation</MoreInformation>
        <MoreInformationlink>SystemProcedures110MoreInformationlink</MoreInformationlink>
        <DatabaseRestoreFails>false</DatabaseRestoreFails>
      </RuleMetadata>
    </RuleMapping>
    <RuleMapping>
      <FeatureId>XpCmdshell</FeatureId>
      <RuleMetadata>
        <RuleId>XpCmdshell</RuleId>
        <Title>XpCmdshellTitle</Title>
        <IssueCategory>XpCmdshellIssueCategory</IssueCategory>
        <Description>XpCmdshellDescription</Description>
        <Recommendation>XpCmdshellRecommendation</Recommendation>
        <MoreInformation>XpCmdshellMoreInformation</MoreInformation>
        <MoreInformationlink>XpCmdshellMoreInformationlink</MoreInformationlink>
        <DatabaseRestoreFails>false</DatabaseRestoreFails>
      </RuleMetadata>
    </RuleMapping>
    <RuleMapping>
      <FeatureId>MIHomogeneousMSDTCTransactSQL</FeatureId>
      <RuleMetadata>
        <RuleId>MIHomogeneousMSDTCTransactSQL</RuleId>
        <Title>MIHomogeneousMSDTCTransactSQLTitle</Title>
        <IssueCategory>MIHomogeneousMSDTCTransactSQLIssueCategory</IssueCategory>
        <Description>MIHomogeneousMSDTCTransactSQLDescription</Description>
        <Recommendation>MIHomogeneousMSDTCTransactSQLRecommendation</Recommendation>
        <MoreInformation>MIHomogeneousMSDTCTransactSQLMoreInformation</MoreInformation>
        <MoreInformationlink>MIHomogeneousMSDTCTransactSQLMoreInformationlink</MoreInformationlink>
        <DatabaseRestoreFails>false</DatabaseRestoreFails>
      </RuleMetadata>
    </RuleMapping>
    <RuleMapping>
      <FeatureId>WindowsAuthentication</FeatureId>
      <RuleMetadata>
        <RuleId>WindowsPrincipals</RuleId>
        <Title>WindowsAuthenticationTitle</Title>
        <IssueCategory>WindowsAuthenticationIssueCategory</IssueCategory>
        <Description>WindowsAuthenticationDescription</Description>
        <Recommendation>WindowsAuthenticationRecommendation</Recommendation>
        <MoreInformation>WindowsAuthenticationMoreInformation</MoreInformation>
        <MoreInformationlink>WindowsAuthenticationMoreInformationlink</MoreInformationlink>
        <DatabaseRestoreFails>false</DatabaseRestoreFails>
      </RuleMetadata>
    </RuleMapping>
    <RuleMapping>
      <FeatureId>NonANSILeftOuterJoinSyntax</FeatureId>
      <RuleMetadata>
        <RuleId>NonANSILeftOuterJoinSyntax</RuleId>
        <Title>NonANSILeftOuterJoinSyntaxTitle</Title>
        <IssueCategory>NonANSILeftOuterJoinSyntaxIssueCategory</IssueCategory>
        <Description>NonANSILeftOuterJoinSyntaxDescription</Description>
        <Recommendation>NonANSILeftOuterJoinSyntaxRecommendation</Recommendation>
        <MoreInformation>NonANSILeftOuterJoinSyntaxMoreInformation</MoreInformation>
        <MoreInformationlink>NonANSILeftOuterJoinSyntaxMoreInformationlink</MoreInformationlink>
        <DatabaseRestoreFails>false</DatabaseRestoreFails>
      </RuleMetadata>
    </RuleMapping>
    <RuleMapping>
      <FeatureId>SyntaxError</FeatureId>
      <RuleMetadata>
        <RuleId>SyntaxError</RuleId>
        <Title>SyntaxErrorTitle</Title>
        <IssueCategory>SyntaxErrorIssueCategory</IssueCategory>
        <Description>SyntaxErrorDescription</Description>
        <Recommendation>SyntaxErrorRecommendation</Recommendation>
        <MoreInformation>SyntaxErrorMoreInformation</MoreInformation>
        <MoreInformationlink>SyntaxErrorMoreInformationlink</MoreInformationlink>
        <DatabaseRestoreFails>false</DatabaseRestoreFails>
      </RuleMetadata>
    </RuleMapping>
    <RuleMapping>
      <FeatureId>FastFirstRowHint</FeatureId>
      <RuleMetadata>
        <RuleId>FastFirstRowHint</RuleId>
        <Title>FastFirstRowHintTitle</Title>
        <IssueCategory>FastFirstRowHintIssueCategory</IssueCategory>
        <Description>FastFirstRowHintDescription</Description>
        <Recommendation>FastFirstRowHintRecommendation</Recommendation>
        <MoreInformation>FastFirstRowHintMoreInformation</MoreInformation>
        <MoreInformationlink>FastFirstRowHintMoreInformationlink</MoreInformationlink>
        <DatabaseRestoreFails>false</DatabaseRestoreFails>
      </RuleMetadata>
    </RuleMapping>
    <RuleMapping>
      <FeatureId>AssemblyFromFile</FeatureId>
      <RuleMetadata>
        <RuleId>AssemblyFromFile</RuleId>
        <Title>AssemblyFromFileTitle</Title>
        <IssueCategory>AssemblyFromFileIssueCategory</IssueCategory>
        <Description>AssemblyFromFileDescription</Description>
        <Recommendation>AssemblyFromFileRecommendation</Recommendation>
        <MoreInformation>AssemblyFromFileMoreInformation</MoreInformation>
        <MoreInformationlink>AssemblyFromFileMoreInformationlink</MoreInformationlink>
        <DatabaseRestoreFails>false</DatabaseRestoreFails>
      </RuleMetadata>
    </RuleMapping>
    <RuleMapping>
      <FeatureId>CryptographicProvider</FeatureId>
      <RuleMetadata>
        <RuleId>CryptographicProvider</RuleId>
        <Title>CryptographicProviderTitle</Title>
        <IssueCategory>CryptographicProviderIssueCategory</IssueCategory>
        <Description>CryptographicProviderDescription</Description>
        <Recommendation>CryptographicProviderRecommendation</Recommendation>
        <MoreInformation>CryptographicProviderMoreInformation</MoreInformation>
        <MoreInformationlink>CryptographicProviderMoreInformationlink</MoreInformationlink>
        <DatabaseRestoreFails>false</DatabaseRestoreFails>
      </RuleMetadata>
    </RuleMapping>
    <RuleMapping>
      <FeatureId>SqlMail</FeatureId>
      <RuleMetadata>
        <RuleId>SqlMail</RuleId>
        <Title>SqlMailTitle</Title>
        <IssueCategory>SqlMailIssueCategory</IssueCategory>
        <Description>SqlMailDescription</Description>
        <Recommendation>SqlMailRecommendation</Recommendation>
        <MoreInformation>SqlMailMoreInformation</MoreInformation>
        <MoreInformationlink>SqlMailMoreInformationlink</MoreInformationlink>
        <DatabaseRestoreFails>false</DatabaseRestoreFails>
      </RuleMetadata>
    </RuleMapping>
    <RuleMapping>
      <FeatureId>DatabasePrincipalAlias</FeatureId>
      <RuleMetadata>
        <RuleId>DatabasePrincipalAlias</RuleId>
        <Title>DatabasePrincipalAliasTitle</Title>
        <IssueCategory>DatabasePrincipalAliasIssueCategory</IssueCategory>
        <Description>DatabasePrincipalAliasDescription</Description>
        <Recommendation>DatabasePrincipalAliasRecommendation</Recommendation>
        <MoreInformation>DatabasePrincipalAliasMoreInformation</MoreInformation>
        <MoreInformationlink>DatabasePrincipalAliasMoreInformationlink</MoreInformationlink>
        <DatabaseRestoreFails>false</DatabaseRestoreFails>
      </RuleMetadata>
    </RuleMapping>
    <RuleMapping>
      <FeatureId>DbCompatLevelLowerThan100</FeatureId>
      <RuleMetadata>
        <RuleId>DbCompatLevelLowerThan100</RuleId>
        <Title>DbCompatLevelLowerThan100Title</Title>
        <IssueCategory>DbCompatLevelLowerThan100IssueCategory</IssueCategory>
        <Description>DbCompatLevelLowerThan100Description</Description>
        <Recommendation>DbCompatLevelLowerThan100Recommendation</Recommendation>
        <MoreInformation>DbCompatLevelLowerThan100MoreInformation</MoreInformation>
        <MoreInformationlink>DbCompatLevelLowerThan100MoreInformationlink</MoreInformationlink>
        <DatabaseRestoreFails>false</DatabaseRestoreFails>
      </RuleMetadata>
    </RuleMapping>
    <RuleMapping>
      <FeatureId>MergeJob</FeatureId>
      <RuleMetadata>
        <RuleId>MergeJob</RuleId>
        <Title>MergeJobTitle</Title>
        <IssueCategory>MergeJobIssueCategory</IssueCategory>
        <Description>MergeJobDescription</Description>
        <Recommendation>MergeJobRecommendation</Recommendation>
        <MoreInformation>MergeJobMoreInformation</MoreInformation>
        <MoreInformationlink>MergeJobMoreInformationlink</MoreInformationlink>
        <DatabaseRestoreFails>false</DatabaseRestoreFails>
      </RuleMetadata>
    </RuleMapping>
    <RuleMapping>
      <FeatureId>OpenRowsetWithNonBlobDataSourceBulk</FeatureId>
      <RuleMetadata>
        <RuleId>OpenRowsetWithNonBlobDataSourceBulk</RuleId>
        <Title>OpenRowsetWithNonBlobDataSourceBulkTitle</Title>
        <IssueCategory>OpenRowsetWithNonBlobDataSourceBulkIssueCategory</IssueCategory>
        <Description>OpenRowsetWithNonBlobDataSourceBulkDescription</Description>
        <Recommendation>OpenRowsetWithNonBlobDataSourceBulkRecommendation</Recommendation>
        <MoreInformation>OpenRowsetWithNonBlobDataSourceBulkMoreInformation</MoreInformation>
        <MoreInformationlink>OpenRowsetWithNonBlobDataSourceBulkMoreInformationlink</MoreInformationlink>
        <DatabaseRestoreFails>false</DatabaseRestoreFails>
      </RuleMetadata>
    </RuleMapping>
    <RuleMapping>
      <FeatureId>MemoryOptimizedTables</FeatureId>
      <RuleMetadata>
        <RuleId>MemoryOptimizedTables</RuleId>
        <Title>MemoryOptimizedTablesTitle</Title>
        <IssueCategory>MemoryOptimizedTablesIssueCategory</IssueCategory>
        <Description>MemoryOptimizedTablesDescription</Description>
        <Recommendation>MemoryOptimizedTablesRecommendation</Recommendation>
        <MoreInformation>MemoryOptimizedTablesMoreInformation</MoreInformation>
        <MoreInformationlink>MemoryOptimizedTablesMoreInformationlink</MoreInformationlink>
        <DatabaseRestoreFails>false</DatabaseRestoreFails>
      </RuleMetadata>
    </RuleMapping>
    <RuleMapping>
      <FeatureId>NumDbExceeds500</FeatureId>
      <RuleMetadata>
        <RuleId>NumDbExceeds500</RuleId>
        <Title>NumDbExceeds500Title</Title>
        <IssueCategory>NumDbExceeds500IssueCategory</IssueCategory>
        <Description>NumDbExceeds500Description</Description>
        <Recommendation>NumDbExceeds500Recommendation</Recommendation>
        <MoreInformation>NumDbExceeds500MoreInformation</MoreInformation>
        <MoreInformationlink>NumDbExceeds500MoreInformationlink</MoreInformationlink>
        <DatabaseRestoreFails>false</DatabaseRestoreFails>
      </RuleMetadata>
    </RuleMapping>
    <RuleMapping>
      <FeatureId>OpenRowsetWithNonSQLProvider</FeatureId>
      <RuleMetadata>
        <RuleId>OpenRowsetWithNonSQLProvider</RuleId>
        <Title>OpenRowsetWithNonSQLProviderTitle</Title>
        <IssueCategory>OpenRowsetWithNonSQLProviderIssueCategory</IssueCategory>
        <Description>OpenRowsetWithNonSQLProviderDescription</Description>
        <Recommendation>OpenRowsetWithNonSQLProviderRecommendation</Recommendation>
        <MoreInformation>OpenRowsetWithNonSQLProviderMoreInformation</MoreInformation>
        <MoreInformationlink>OpenRowsetWithNonSQLProviderMoreInformationlink</MoreInformationlink>
        <DatabaseRestoreFails>false</DatabaseRestoreFails>
      </RuleMetadata>
    </RuleMapping>
    <RuleMapping>
      <FeatureId>DisableDefCNSTCHK</FeatureId>
      <RuleMetadata>
        <RuleId>DisableDefCNSTCHK</RuleId>
        <Title>DisableDefCNSTCHKTitle</Title>
        <IssueCategory>DisableDefCNSTCHKIssueCategory</IssueCategory>
        <Description>DisableDefCNSTCHKDescription</Description>
        <Recommendation>DisableDefCNSTCHKRecommendation</Recommendation>
        <MoreInformation>DisableDefCNSTCHKMoreInformation</MoreInformation>
        <MoreInformationlink>DisableDefCNSTCHKMoreInformationlink</MoreInformationlink>
        <DatabaseRestoreFails>false</DatabaseRestoreFails>
      </RuleMetadata>
    </RuleMapping>
    <RuleMapping>
      <FeatureId>MIDatabaseSize</FeatureId>
      <RuleMetadata>
        <RuleId>MIDatabaseSize</RuleId>
        <Title>MIDatabaseSizeTitle</Title>
        <IssueCategory>MIDatabaseSizeIssueCategory</IssueCategory>
        <Description>MIDatabaseSizeDescription</Description>
        <Recommendation>MIDatabaseSizeRecommendation</Recommendation>
        <MoreInformation>MIDatabaseSizeMoreInformation</MoreInformation>
        <MoreInformationlink>MIDatabaseSizeMoreInformationlink</MoreInformationlink>
        <DatabaseRestoreFails>true</DatabaseRestoreFails>
      </RuleMetadata>
    </RuleMapping>
    <RuleMapping>
      <FeatureId>MIHeterogeneousMSDTCTransactSQL</FeatureId>
      <RuleMetadata>
        <RuleId>MIHeterogeneousMSDTCTransactSQL</RuleId>
        <Title>MIHeterogeneousMSDTCTransactSQLTitle</Title>
        <IssueCategory>MIHeterogeneousMSDTCTransactSQLIssueCategory</IssueCategory>
        <Description>MIHeterogeneousMSDTCTransactSQLDescription</Description>
        <Recommendation>MIHeterogeneousMSDTCTransactSQLRecommendation</Recommendation>
        <MoreInformation>MIHeterogeneousMSDTCTransactSQLMoreInformation</MoreInformation>
        <MoreInformationlink>MIHeterogeneousMSDTCTransactSQLMoreInformationlink</MoreInformationlink>
        <DatabaseRestoreFails>false</DatabaseRestoreFails>
      </RuleMetadata>
    </RuleMapping>
    <RuleMapping>
      <FeatureId>MIInstanceSize</FeatureId>
      <RuleMetadata>
        <RuleId>MIInstanceSize</RuleId>
        <Title>MIInstanceSizeTitle</Title>
        <IssueCategory>MIInstanceSizeIssueCategory</IssueCategory>
        <Description>MIInstanceSizeDescription</Description>
        <Recommendation>MIInstanceSizeRecommendation</Recommendation>
        <MoreInformation>MIInstanceSizeMoreInformation</MoreInformation>
        <MoreInformationlink>MIInstanceSizeMoreInformationlink</MoreInformationlink>
        <DatabaseRestoreFails>false</DatabaseRestoreFails>
      </RuleMetadata>
    </RuleMapping>
    <RuleMapping>
      <FeatureId>RAISERROR</FeatureId>
      <RuleMetadata>
        <RuleId>RAISERROR</RuleId>
        <Title>RAISERRORTitle</Title>
        <IssueCategory>RAISERRORIssueCategory</IssueCategory>
        <Description>RAISERRORDescription</Description>
        <Recommendation>RAISERRORRecommendation</Recommendation>
        <MoreInformation>RAISERRORMoreInformation</MoreInformation>
        <MoreInformationlink>RAISERRORMoreInformationlink</MoreInformationlink>
        <DatabaseRestoreFails>false</DatabaseRestoreFails>
      </RuleMetadata>
    </RuleMapping>
    <RuleMapping>
      <FeatureId>TransactSqlJob</FeatureId>
      <RuleMetadata>
        <RuleId>TransactSqlJob</RuleId>
        <Title>TransactSqlJobTitle</Title>
        <IssueCategory>TransactSqlJobIssueCategory</IssueCategory>
        <Description>TransactSqlJobDescription</Description>
        <Recommendation>TransactSqlJobRecommendation</Recommendation>
        <MoreInformation>TransactSqlJobMoreInformation</MoreInformation>
        <MoreInformationlink>TransactSqlJobMoreInformationlink</MoreInformationlink>
        <DatabaseRestoreFails>false</DatabaseRestoreFails>
      </RuleMetadata>
    </RuleMapping>
    <RuleMapping>
      <FeatureId>TdeEnabled</FeatureId>
      <RuleMetadata>
        <RuleId>TdeEnabled</RuleId>
        <Title>TdeEnabledTitle</Title>
        <IssueCategory>TdeEnabledIssueCategory</IssueCategory>
        <Description>TdeEnabledDescription</Description>
        <Recommendation>TdeEnabledRecommendation</Recommendation>
        <MoreInformation>TdeEnabledMoreInformation</MoreInformation>
        <MoreInformationlink>TdeEnabledMoreInformationlink</MoreInformationlink>
        <DatabaseRestoreFails>false</DatabaseRestoreFails>
      </RuleMetadata>		
    </RuleMapping>
    <RuleMapping>
      <FeatureId>MIAGDbSyncSecondaryReplicaCount</FeatureId>
      <RuleMetadata>
        <RuleId>MIAGDbSyncSecondaryReplicaCount</RuleId>
        <Title>MIAGDbSyncSecondaryReplicaCountTitle</Title>
        <IssueCategory>MIAGDbSyncSecondaryReplicaCountIssueCategory</IssueCategory>
        <Description>MIAGDbSyncSecondaryReplicaCountDescription</Description>
        <Recommendation>MIAGDbSyncSecondaryReplicaCountRecommendation</Recommendation>
        <MoreInformation>MIAGDbSyncSecondaryReplicaCountMoreInformation</MoreInformation>
        <MoreInformationlink>MIAGDbSyncSecondaryReplicaCountMoreInformationlink</MoreInformationlink>
        <DatabaseRestoreFails>false</DatabaseRestoreFails>
      </RuleMetadata>
    </RuleMapping>
    <RuleMapping>
      <FeatureId>MIAGDbAsyncSecondaryReplicaCount</FeatureId>
      <RuleMetadata>
        <RuleId>MIAGDbAsyncSecondaryReplicaCount</RuleId>
        <Title>MIAGDbAsyncSecondaryReplicaCountTitle</Title>
        <IssueCategory>MIAGDbAsyncSecondaryReplicaCountIssueCategory</IssueCategory>
        <Description>MIAGDbAsyncSecondaryReplicaCountDescription</Description>
        <Recommendation>MIAGDbAsyncSecondaryReplicaCountRecommendation</Recommendation>
        <MoreInformation>MIAGDbAsyncSecondaryReplicaCountMoreInformation</MoreInformation>
        <MoreInformationlink>MIAGDbAsyncSecondaryReplicaCountMoreInformationlink</MoreInformationlink>
        <DatabaseRestoreFails>false</DatabaseRestoreFails>
      </RuleMetadata>
    </RuleMapping>
    <RuleMapping>
      <FeatureId>MIAGDbReadAsyncSecondaryReplicaCount</FeatureId>
      <RuleMetadata>
        <RuleId>MIAGDbReadAsyncSecondaryReplicaCount</RuleId>
        <Title>MIAGDbReadAsyncSecondaryReplicaCountTitle</Title>
        <IssueCategory>MIAGDbReadAsyncSecondaryReplicaCountIssueCategory</IssueCategory>
        <Description>MIAGDbReadAsyncSecondaryReplicaCountDescription</Description>
        <Recommendation>MIAGDbReadAsyncSecondaryReplicaCountRecommendation</Recommendation>
        <MoreInformation>MIAGDbReadAsyncSecondaryReplicaCountMoreInformation</MoreInformation>
        <MoreInformationlink>MIAGDbReadAsyncSecondaryReplicaCountMoreInformationlink</MoreInformationlink>
        <DatabaseRestoreFails>false</DatabaseRestoreFails>
      </RuleMetadata>
    </RuleMapping>
  </RuleMetadataCollection>
</RuleMetadataStore>